<?xml version="1.0" encoding="UTF-8" ?>
<root>
	<softwareconfig>
		<settings id="2" qtime="1622050406" ostype="250" osbit="3">
			<displayname>
				<![CDATA[QQ]]>
			</displayname>
			<nickversion> 9.4.7</nickversion>
			<whatsnewfeature>
				<![CDATA[优化了部分体验问题，提升版本稳定性和使用体验]]>
			</whatsnewfeature>
			<whatsnew>
				<![CDATA[1.优化了部分体验问题，提升版本稳定性和使用体验。]]>
			</whatsnew>
			<logo>qqlogo.png</logo>
			<logo48>2_48_1482283025.png</logo48>
			<versionname>9.4.7.27805</versionname>
			<filesize>88734832</filesize>
			<filename>QQ9.4.7.27805.exe</filename>
			<upgradepercent>40</upgradepercent>
			<publishdate>2021-5-6</publishdate>
			<url>http://dl.softmgr.qq.com/original/im/QQ9.4.7.27805.exe</url>
			<https>https://dl.softmgr.qq.com/original/im/QQ9.4.7.27805.exe</https>
			<hash>04bc8a59654564ffc698356b8475a036</hash>
			<plugin>0</plugin>
			<plugininfo>腾讯视频|QQ音乐|QQ浏览器|QQ游戏</plugininfo>
			<cmdlineformat>2</cmdlineformat>
			<cmdlineparam>
				<![CDATA[/s]]>
			</cmdlineparam>
			<defaultcmdlineparam>
				<![CDATA[]]>
			</defaultcmdlineparam>
			<trial>0</trial>
			<installscriptenable>1</installscriptenable>
			<smartinstallflag>3</smartinstallflag>
		</settings>
		<settings id="22089" qtime="1622050406" ostype="240" osbit="2">
			<displayname>
				<![CDATA[谷歌浏览器 开发版]]>
			</displayname>
			<nickversion> 64位专版</nickversion>
			<whatsnewfeature>
				<![CDATA[优化部分软件功能]]>
			</whatsnewfeature>
			<whatsnew>
				<![CDATA[1.优化部分软件功能。]]>
			</whatsnew>
			<logo/>
			<logo48>22089_48_1450768901.png</logo48>
			<versionname>92.0.4512.6</versionname>
			<filesize>77877176</filesize>
			<filename>92.0.4512.6_chrome_installer_64.exe</filename>
			<upgradepercent>1</upgradepercent>
			<publishdate>2021-5-26</publishdate>
			<url>http://dl.softmgr.qq.com/original/Browser/92.0.4512.6_chrome_installer_64.exe</url>
			<https>https://dl.softmgr.qq.com/original/Browser/92.0.4512.6_chrome_installer_64.exe</https>
			<hash>beddc23b638c8233b2802f16c74efdd1</hash>
			<plugin>0</plugin>
			<plugininfo/>
			<cmdlineformat>0</cmdlineformat>
			<cmdlineparam>
				<![CDATA[]]>
			</cmdlineparam>
			<defaultcmdlineparam>
				<![CDATA[]]>
			</defaultcmdlineparam>
			<trial>0</trial>
			<installscriptenable>1</installscriptenable>
			<smartinstallflag>3</smartinstallflag>
		</settings>
		<settings id="22554" qtime="1622050406" ostype="250" osbit="3">
			<displayname>
				<![CDATA[企业微信]]>
			</displayname>
			<nickversion/>
			<whatsnewfeature>
				<![CDATA[新增活动直播场景]]>
			</whatsnewfeature>
			<whatsnew>
				<![CDATA[1.新增活动直播场景。
2.支持给文档点赞。
3.支持在web端管理企业的全部文件。]]>
			</whatsnew>
			<logo/>
			<logo48>22554_48_1591253397.png</logo48>
			<versionname>3.1.7.3005</versionname>
			<filesize>297495528</filesize>
			<filename>WeCom_3.1.7.3005_100004.exe</filename>
			<upgradepercent>46</upgradepercent>
			<publishdate>2021-4-16</publishdate>
			<url>http://dl.softmgr.qq.com/original/Office/WeCom_3.1.7.3005_100004.exe</url>
			<https>https://dl.softmgr.qq.com/original/Office/WeCom_3.1.7.3005_100004.exe</https>
			<hash>7638881b33ff219734776a42e330fe68</hash>
			<plugin>0</plugin>
			<plugininfo/>
			<cmdlineformat>0</cmdlineformat>
			<cmdlineparam>
				<![CDATA[]]>
			</cmdlineparam>
			<defaultcmdlineparam>
				<![CDATA[]]>
			</defaultcmdlineparam>
			<trial>0</trial>
			<installscriptenable>0</installscriptenable>
			<smartinstallflag>0</smartinstallflag>
		</settings>
	</softwareconfig>
</root>

